{
  "info": "Comuni italiani con codici ISTAT per Alloggiati Web. Formato: codice a 9 cifre.",
  "source": "ISTAT - Elenco comuni italiani",
  "comuni": [
    {"codice": "401001272", "nome": "VERCELLI", "provincia": "VC"},
    {"codice": "401001024", "nome": "BORGOSESIA", "provincia": "VC"},
    {"codice": "401001093", "nome": "GATTINARA", "provincia": "VC"},
    {"codice": "401001234", "nome": "SANTHIA'", "provincia": "VC"},
    {"codice": "401001254", "nome": "TRINO", "provincia": "VC"},
    {"codice": "401002087", "nome": "NOVARA", "provincia": "NO"},
    {"codice": "401002003", "nome": "ARONA", "provincia": "NO"},
    {"codice": "401002018", "nome": "BORGOMANERO", "provincia": "NO"},
    {"codice": "401002049", "nome": "GALLIATE", "provincia": "NO"},
    {"codice": "401002109", "nome": "OLEGGIO", "provincia": "NO"},
    {"codice": "401002156", "nome": "TRECATE", "provincia": "NO"},
    {"codice": "401004078", "nome": "CUNEO", "provincia": "CN"},
    {"codice": "401004003", "nome": "ALBA", "provincia": "CN"},
    {"codice": "401004029", "nome": "BRA", "provincia": "CN"},
    {"codice": "401004089", "nome": "FOSSANO", "provincia": "CN"},
    {"codice": "401004130", "nome": "MONDOVI'", "provincia": "CN"},
    {"codice": "401004203", "nome": "SALUZZO", "provincia": "CN"},
    {"codice": "401004206", "nome": "SAVIGLIANO", "provincia": "CN"},
    {"codice": "401005069", "nome": "ALESSANDRIA", "provincia": "AL"},
    {"codice": "401005001", "nome": "ACQUI TERME", "provincia": "AL"},
    {"codice": "401005037", "nome": "CASALE MONFERRATO", "provincia": "AL"},
    {"codice": "401005098", "nome": "NOVI LIGURE", "provincia": "AL"},
    {"codice": "401005112", "nome": "OVADA", "provincia": "AL"},
    {"codice": "401005152", "nome": "TORTONA", "provincia": "AL"},
    {"codice": "401005157", "nome": "VALENZA", "provincia": "AL"},
    {"codice": "401006003", "nome": "ASTI", "provincia": "AT"},
    {"codice": "401006032", "nome": "CANELLI", "provincia": "AT"},
    {"codice": "401006098", "nome": "NIZZA MONFERRATO", "provincia": "AT"},
    {"codice": "401006106", "nome": "TORINO", "provincia": "TO"},
    {"codice": "401006001", "nome": "ALPIGNANO", "provincia": "TO"},
    {"codice": "401006022", "nome": "BEINASCO", "provincia": "TO"},
    {"codice": "401006040", "nome": "CARMAGNOLA", "provincia": "TO"},
    {"codice": "401006059", "nome": "CHIERI", "provincia": "TO"},
    {"codice": "401006060", "nome": "CHIVASSO", "provincia": "TO"},
    {"codice": "401006061", "nome": "CIRIE'", "provincia": "TO"},
    {"codice": "401006063", "nome": "COLLEGNO", "provincia": "TO"},
    {"codice": "401006095", "nome": "GRUGLIASCO", "provincia": "TO"},
    {"codice": "401006103", "nome": "IVREA", "provincia": "TO"},
    {"codice": "401006114", "nome": "LEINI'", "provincia": "TO"},
    {"codice": "401006125", "nome": "MONCALIERI", "provincia": "TO"},
    {"codice": "401006130", "nome": "NICHELINO", "provincia": "TO"},
    {"codice": "401006136", "nome": "ORBASSANO", "provincia": "TO"},
    {"codice": "401006144", "nome": "PINEROLO", "provincia": "TO"},
    {"codice": "401006155", "nome": "RIVAROLO CANAVESE", "provincia": "TO"},
    {"codice": "401006156", "nome": "RIVOLI", "provincia": "TO"},
    {"codice": "401006164", "nome": "SAN MAURO TORINESE", "provincia": "TO"},
    {"codice": "401006170", "nome": "SETTIMO TORINESE", "provincia": "TO"},
    {"codice": "401006183", "nome": "VENARIA REALE", "provincia": "TO"},
    {"codice": "401096048", "nome": "BIELLA", "provincia": "BI"},
    {"codice": "401096012", "nome": "COSSATO", "provincia": "BI"},
    {"codice": "401103002", "nome": "VERBANIA", "provincia": "VB"},
    {"codice": "401103024", "nome": "DOMODOSSOLA", "provincia": "VB"},
    {"codice": "401103046", "nome": "OMEGNA", "provincia": "VB"},
    {"codice": "402007001", "nome": "AOSTA", "provincia": "AO"},
    {"codice": "402007059", "nome": "SAINT-VINCENT", "provincia": "AO"},
    {"codice": "402007010", "nome": "CHATILLON", "provincia": "AO"},
    {"codice": "403012133", "nome": "VARESE", "provincia": "VA"},
    {"codice": "403012026", "nome": "BUSTO ARSIZIO", "provincia": "VA"},
    {"codice": "403012049", "nome": "GALLARATE", "provincia": "VA"},
    {"codice": "403012112", "nome": "SARONNO", "provincia": "VA"},
    {"codice": "403012057", "nome": "LEGNANO", "provincia": "VA"},
    {"codice": "403012079", "nome": "MALNATE", "provincia": "VA"},
    {"codice": "403012119", "nome": "SOMMA LOMBARDO", "provincia": "VA"},
    {"codice": "403013158", "nome": "COMO", "provincia": "CO"},
    {"codice": "403013031", "nome": "CANTU'", "provincia": "CO"},
    {"codice": "403013082", "nome": "ERBA", "provincia": "CO"},
    {"codice": "403013123", "nome": "LOMAZZO", "provincia": "CO"},
    {"codice": "403013127", "nome": "LURATE CACCIVIO", "provincia": "CO"},
    {"codice": "403013141", "nome": "MARIANO COMENSE", "provincia": "CO"},
    {"codice": "403014061", "nome": "SONDRIO", "provincia": "SO"},
    {"codice": "403014037", "nome": "MORBEGNO", "provincia": "SO"},
    {"codice": "403014066", "nome": "TIRANO", "provincia": "SO"},
    {"codice": "403015146", "nome": "MILANO", "provincia": "MI"},
    {"codice": "403015002", "nome": "ABBIATEGRASSO", "provincia": "MI"},
    {"codice": "403015007", "nome": "ARESE", "provincia": "MI"},
    {"codice": "403015024", "nome": "BOLLATE", "provincia": "MI"},
    {"codice": "403015037", "nome": "BUCCINASCO", "provincia": "MI"},
    {"codice": "403015055", "nome": "CESANO BOSCONE", "provincia": "MI"},
    {"codice": "403015081", "nome": "CINISELLO BALSAMO", "provincia": "MI"},
    {"codice": "403015093", "nome": "COLOGNO MONZESE", "provincia": "MI"},
    {"codice": "403015098", "nome": "CORBETTA", "provincia": "MI"},
    {"codice": "403015099", "nome": "CORMANO", "provincia": "MI"},
    {"codice": "403015100", "nome": "CORNAREDO", "provincia": "MI"},
    {"codice": "403015104", "nome": "CORSICO", "provincia": "MI"},
    {"codice": "403015130", "nome": "LEGNANO", "provincia": "MI"},
    {"codice": "403015139", "nome": "MAGENTA", "provincia": "MI"},
    {"codice": "403015154", "nome": "MELZO", "provincia": "MI"},
    {"codice": "403015176", "nome": "PADERNO DUGNANO", "provincia": "MI"},
    {"codice": "403015182", "nome": "PARABIAGO", "provincia": "MI"},
    {"codice": "403015189", "nome": "PERO", "provincia": "MI"},
    {"codice": "403015193", "nome": "PESCHIERA BORROMEO", "provincia": "MI"},
    {"codice": "403015198", "nome": "PIOLTELLO", "provincia": "MI"},
    {"codice": "403015204", "nome": "RHO", "provincia": "MI"},
    {"codice": "403015206", "nome": "ROZZANO", "provincia": "MI"},
    {"codice": "403015209", "nome": "SESTO SAN GIOVANNI", "provincia": "MI"},
    {"codice": "403015215", "nome": "SAN DONATO MILANESE", "provincia": "MI"},
    {"codice": "403015219", "nome": "SAN GIULIANO MILANESE", "provincia": "MI"},
    {"codice": "403015226", "nome": "SEGRATE", "provincia": "MI"},
    {"codice": "403015247", "nome": "TREZZANO SUL NAVIGLIO", "provincia": "MI"},
    {"codice": "403016078", "nome": "BERGAMO", "provincia": "BG"},
    {"codice": "403016004", "nome": "ALBINO", "provincia": "BG"},
    {"codice": "403016024", "nome": "BONATE SOPRA", "provincia": "BG"},
    {"codice": "403016039", "nome": "CARAVAGGIO", "provincia": "BG"},
    {"codice": "403016061", "nome": "CLUSONE", "provincia": "BG"},
    {"codice": "403016066", "nome": "CURNO", "provincia": "BG"},
    {"codice": "403016067", "nome": "DALMINE", "provincia": "BG"},
    {"codice": "403016105", "nome": "LOVERE", "provincia": "BG"},
    {"codice": "403016128", "nome": "NEMBRO", "provincia": "BG"},
    {"codice": "403016137", "nome": "OSIO SOTTO", "provincia": "BG"},
    {"codice": "403016161", "nome": "ROMANO DI LOMBARDIA", "provincia": "BG"},
    {"codice": "403016170", "nome": "SARNICO", "provincia": "BG"},
    {"codice": "403016173", "nome": "SERIATE", "provincia": "BG"},
    {"codice": "403016195", "nome": "TREVIGLIO", "provincia": "BG"},
    {"codice": "403016205", "nome": "VERDELLINO", "provincia": "BG"},
    {"codice": "403016219", "nome": "ZOGNO", "provincia": "BG"},
    {"codice": "403017029", "nome": "BRESCIA", "provincia": "BS"},
    {"codice": "403017019", "nome": "BEDIZZOLE", "provincia": "BS"},
    {"codice": "403017037", "nome": "CALCINATO", "provincia": "BS"},
    {"codice": "403017043", "nome": "CARPENEDOLO", "provincia": "BS"},
    {"codice": "403017053", "nome": "CHIARI", "provincia": "BS"},
    {"codice": "403017062", "nome": "CONCESIO", "provincia": "BS"},
    {"codice": "403017065", "nome": "DARFO BOARIO TERME", "provincia": "BS"},
    {"codice": "403017067", "nome": "DESENZANO DEL GARDA", "provincia": "BS"},
    {"codice": "403017076", "nome": "GARDONE VAL TROMPIA", "provincia": "BS"},
    {"codice": "403017077", "nome": "GAVARDO", "provincia": "BS"},
    {"codice": "403017078", "nome": "GHEDI", "provincia": "BS"},
    {"codice": "403017085", "nome": "GUSSAGO", "provincia": "BS"},
    {"codice": "403017090", "nome": "ISEO", "provincia": "BS"},
    {"codice": "403017096", "nome": "LENO", "provincia": "BS"},
    {"codice": "403017098", "nome": "LONATO DEL GARDA", "provincia": "BS"},
    {"codice": "403017106", "nome": "LUMEZZANE", "provincia": "BS"},
    {"codice": "403017115", "nome": "MONTICHIARI", "provincia": "BS"},
    {"codice": "403017123", "nome": "ORZINUOVI", "provincia": "BS"},
    {"codice": "403017128", "nome": "PALAZZOLO SULL'OGLIO", "provincia": "BS"},
    {"codice": "403017147", "nome": "REZZATO", "provincia": "BS"},
    {"codice": "403017152", "nome": "ROVATO", "provincia": "BS"},
    {"codice": "403017154", "nome": "SALO'", "provincia": "BS"},
    {"codice": "403017164", "nome": "SIRMIONE", "provincia": "BS"},
    {"codice": "403017176", "nome": "TRAVAGLIATO", "provincia": "BS"},
    {"codice": "403017186", "nome": "VEROLANUOVA", "provincia": "BS"},
    {"codice": "403017191", "nome": "VILLA CARCINA", "provincia": "BS"},
    {"codice": "403017195", "nome": "VOBARNO", "provincia": "BS"},
    {"codice": "403018087", "nome": "CREMONA", "provincia": "CR"},
    {"codice": "403018044", "nome": "CASALMAGGIORE", "provincia": "CR"},
    {"codice": "403018056", "nome": "CREMA", "provincia": "CR"},
    {"codice": "403018084", "nome": "PANDINO", "provincia": "CR"},
    {"codice": "403018095", "nome": "PIZZIGHETTONE", "provincia": "CR"},
    {"codice": "403018116", "nome": "SORESINA", "provincia": "CR"},
    {"codice": "403019054", "nome": "PAVIA", "provincia": "PV"},
    {"codice": "403019088", "nome": "STRADELLA", "provincia": "PV"},
    {"codice": "403019105", "nome": "VIGEVANO", "provincia": "PV"},
    {"codice": "403019108", "nome": "VOGHERA", "provincia": "PV"},
    {"codice": "403020030", "nome": "MANTOVA", "provincia": "MN"},
    {"codice": "403020007", "nome": "ASOLA", "provincia": "MN"},
    {"codice": "403020012", "nome": "BOZZOLO", "provincia": "MN"},
    {"codice": "403020016", "nome": "CASTEL GOFFREDO", "provincia": "MN"},
    {"codice": "403020017", "nome": "CASTIGLIONE DELLE STIVIERE", "provincia": "MN"},
    {"codice": "403020025", "nome": "GONZAGA", "provincia": "MN"},
    {"codice": "403020057", "nome": "SUZZARA", "provincia": "MN"},
    {"codice": "403020063", "nome": "VIADANA", "provincia": "MN"},
    {"codice": "403097046", "nome": "LECCO", "provincia": "LC"},
    {"codice": "403097042", "nome": "CALOLZIOCORTE", "provincia": "LC"},
    {"codice": "403097052", "nome": "MANDELLO DEL LARIO", "provincia": "LC"},
    {"codice": "403097056", "nome": "MERATE", "provincia": "LC"},
    {"codice": "403098031", "nome": "LODI", "provincia": "LO"},
    {"codice": "403098017", "nome": "CASALPUSTERLENGO", "provincia": "LO"},
    {"codice": "403098022", "nome": "CODOGNO", "provincia": "LO"},
    {"codice": "403098053", "nome": "SANT'ANGELO LODIGIANO", "provincia": "LO"},
    {"codice": "403108033", "nome": "MONZA", "provincia": "MB"},
    {"codice": "403108002", "nome": "ARCORE", "provincia": "MB"},
    {"codice": "403108008", "nome": "BIASSONO", "provincia": "MB"},
    {"codice": "403108011", "nome": "BRUGHERIO", "provincia": "MB"},
    {"codice": "403108015", "nome": "CARATE BRIANZA", "provincia": "MB"},
    {"codice": "403108019", "nome": "CESANO MADERNO", "provincia": "MB"},
    {"codice": "403108021", "nome": "CONCOREZZO", "provincia": "MB"},
    {"codice": "403108023", "nome": "DESIO", "provincia": "MB"},
    {"codice": "403108027", "nome": "GIUSSANO", "provincia": "MB"},
    {"codice": "403108029", "nome": "LISSONE", "provincia": "MB"},
    {"codice": "403108030", "nome": "LIMBIATE", "provincia": "MB"},
    {"codice": "403108032", "nome": "MEDA", "provincia": "MB"},
    {"codice": "403108036", "nome": "MUGGIO'", "provincia": "MB"},
    {"codice": "403108037", "nome": "NOVA MILANESE", "provincia": "MB"},
    {"codice": "403108045", "nome": "SEREGNO", "provincia": "MB"},
    {"codice": "403108048", "nome": "SEVESO", "provincia": "MB"},
    {"codice": "403108051", "nome": "VIMERCATE", "provincia": "MB"},
    {"codice": "404021008", "nome": "BOLZANO", "provincia": "BZ"},
    {"codice": "404021010", "nome": "BRESSANONE", "provincia": "BZ"},
    {"codice": "404021013", "nome": "BRUNICO", "provincia": "BZ"},
    {"codice": "404021040", "nome": "LAIVES", "provincia": "BZ"},
    {"codice": "404021052", "nome": "MERANO", "provincia": "BZ"},
    {"codice": "404030128", "nome": "TRENTO", "provincia": "TN"},
    {"codice": "404030001", "nome": "ALA", "provincia": "TN"},
    {"codice": "404030006", "nome": "ARCO", "provincia": "TN"},
    {"codice": "404030075", "nome": "MORI", "provincia": "TN"},
    {"codice": "404030084", "nome": "PERGINE VALSUGANA", "provincia": "TN"},
    {"codice": "404030097", "nome": "RIVA DEL GARDA", "provincia": "TN"},
    {"codice": "404030099", "nome": "ROVERETO", "provincia": "TN"},
    {"codice": "402023091", "nome": "VERONA", "provincia": "VR"},
    {"codice": "402023011", "nome": "BUSSOLENGO", "provincia": "VR"},
    {"codice": "402023027", "nome": "CEREA", "provincia": "VR"},
    {"codice": "402023038", "nome": "GREZZANA", "provincia": "VR"},
    {"codice": "402023042", "nome": "ISOLA DELLA SCALA", "provincia": "VR"},
    {"codice": "402023047", "nome": "LEGNAGO", "provincia": "VR"},
    {"codice": "402023054", "nome": "NEGRAR DI VALPOLICELLA", "provincia": "VR"},
    {"codice": "402023063", "nome": "PESCANTINA", "provincia": "VR"},
    {"codice": "402023070", "nome": "SAN BONIFACIO", "provincia": "VR"},
    {"codice": "402023071", "nome": "SAN GIOVANNI LUPATOTO", "provincia": "VR"},
    {"codice": "402023075", "nome": "SAN MARTINO BUON ALBERGO", "provincia": "VR"},
    {"codice": "402023089", "nome": "VILLAFRANCA DI VERONA", "provincia": "VR"},
    {"codice": "402024100", "nome": "VICENZA", "provincia": "VI"},
    {"codice": "402024008", "nome": "ARZIGNANO", "provincia": "VI"},
    {"codice": "402024012", "nome": "BASSANO DEL GRAPPA", "provincia": "VI"},
    {"codice": "402024028", "nome": "CHIAMPO", "provincia": "VI"},
    {"codice": "402024046", "nome": "DUEVILLE", "provincia": "VI"},
    {"codice": "402024058", "nome": "LONIGO", "provincia": "VI"},
    {"codice": "402024061", "nome": "MALO", "provincia": "VI"},
    {"codice": "402024063", "nome": "MAROSTICA", "provincia": "VI"},
    {"codice": "402024066", "nome": "MONTECCHIO MAGGIORE", "provincia": "VI"},
    {"codice": "402024079", "nome": "ROMANO D'EZZELINO", "provincia": "VI"},
    {"codice": "402024084", "nome": "SCHIO", "provincia": "VI"},
    {"codice": "402024095", "nome": "THIENE", "provincia": "VI"},
    {"codice": "402024097", "nome": "TORRI DI QUARTESOLO", "provincia": "VI"},
    {"codice": "402024104", "nome": "VALDAGNO", "provincia": "VI"},
    {"codice": "402025006", "nome": "BELLUNO", "provincia": "BL"},
    {"codice": "402025022", "nome": "CORTINA D'AMPEZZO", "provincia": "BL"},
    {"codice": "402025024", "nome": "FELTRE", "provincia": "BL"},
    {"codice": "402025042", "nome": "PIEVE DI CADORE", "provincia": "BL"},
    {"codice": "402025050", "nome": "SEDICO", "provincia": "BL"},
    {"codice": "402027040", "nome": "TREVISO", "provincia": "TV"},
    {"codice": "402027010", "nome": "CASTELFRANCO VENETO", "provincia": "TV"},
    {"codice": "402027019", "nome": "CONEGLIANO", "provincia": "TV"},
    {"codice": "402027033", "nome": "MONTEBELLUNA", "provincia": "TV"},
    {"codice": "402027039", "nome": "ODERZO", "provincia": "TV"},
    {"codice": "402027045", "nome": "PAESE", "provincia": "TV"},
    {"codice": "402027053", "nome": "PONZANO VENETO", "provincia": "TV"},
    {"codice": "402027060", "nome": "RONCADE", "provincia": "TV"},
    {"codice": "402027068", "nome": "SILEA", "provincia": "TV"},
    {"codice": "402027081", "nome": "VITTORIO VENETO", "provincia": "TV"},
    {"codice": "402024116", "nome": "VENEZIA", "provincia": "VE"},
    {"codice": "402024015", "nome": "CAVALLINO-TREPORTI", "provincia": "VE"},
    {"codice": "402024017", "nome": "CHIOGGIA", "provincia": "VE"},
    {"codice": "402024039", "nome": "JESOLO", "provincia": "VE"},
    {"codice": "402024045", "nome": "MARCON", "provincia": "VE"},
    {"codice": "402024048", "nome": "MIRA", "provincia": "VE"},
    {"codice": "402024049", "nome": "MIRANO", "provincia": "VE"},
    {"codice": "402024056", "nome": "NOALE", "provincia": "VE"},
    {"codice": "402024068", "nome": "PORTOGRUARO", "provincia": "VE"},
    {"codice": "402024078", "nome": "SAN DONA' DI PIAVE", "provincia": "VE"},
    {"codice": "402024087", "nome": "SPINEA", "provincia": "VE"},
    {"codice": "402028060", "nome": "PADOVA", "provincia": "PD"},
    {"codice": "402028001", "nome": "ABANO TERME", "provincia": "PD"},
    {"codice": "402028002", "nome": "ALBIGNASEGO", "provincia": "PD"},
    {"codice": "402028010", "nome": "CADONEGHE", "provincia": "PD"},
    {"codice": "402028018", "nome": "CAMPOSAMPIERO", "provincia": "PD"},
    {"codice": "402028023", "nome": "CASALSERUGO", "provincia": "PD"},
    {"codice": "402028025", "nome": "CITTADELLA", "provincia": "PD"},
    {"codice": "402028029", "nome": "CONSELVE", "provincia": "PD"},
    {"codice": "402028038", "nome": "ESTE", "provincia": "PD"},
    {"codice": "402028049", "nome": "LIMENA", "provincia": "PD"},
    {"codice": "402028057", "nome": "MONSELICE", "provincia": "PD"},
    {"codice": "402028058", "nome": "MONTAGNANA", "provincia": "PD"},
    {"codice": "402028066", "nome": "NOVENTA PADOVANA", "provincia": "PD"},
    {"codice": "402028071", "nome": "PIAZZOLA SUL BRENTA", "provincia": "PD"},
    {"codice": "402028072", "nome": "PIOVE DI SACCO", "provincia": "PD"},
    {"codice": "402028084", "nome": "RUBANO", "provincia": "PD"},
    {"codice": "402028091", "nome": "SELVAZZANO DENTRO", "provincia": "PD"},
    {"codice": "402028097", "nome": "VIGODARZERE", "provincia": "PD"},
    {"codice": "402028099", "nome": "VIGONZA", "provincia": "PD"},
    {"codice": "402029038", "nome": "ROVIGO", "provincia": "RO"},
    {"codice": "402029001", "nome": "ADRIA", "provincia": "RO"},
    {"codice": "402029004", "nome": "BADIA POLESINE", "provincia": "RO"},
    {"codice": "402029034", "nome": "LENDINARA", "provincia": "RO"},
    {"codice": "402029045", "nome": "PORTO VIRO", "provincia": "RO"},
    {"codice": "406031007", "nome": "GORIZIA", "provincia": "GO"},
    {"codice": "406031011", "nome": "MONFALCONE", "provincia": "GO"},
    {"codice": "406031015", "nome": "RONCHI DEI LEGIONARI", "provincia": "GO"},
    {"codice": "406032006", "nome": "TRIESTE", "provincia": "TS"},
    {"codice": "406032003", "nome": "MUGGIA", "provincia": "TS"},
    {"codice": "406093026", "nome": "UDINE", "provincia": "UD"},
    {"codice": "406093009", "nome": "CERVIGNANO DEL FRIULI", "provincia": "UD"},
    {"codice": "406093012", "nome": "CODROIPO", "provincia": "UD"},
    {"codice": "406093016", "nome": "CIVIDALE DEL FRIULI", "provincia": "UD"},
    {"codice": "406093024", "nome": "GEMONA DEL FRIULI", "provincia": "UD"},
    {"codice": "406093029", "nome": "LATISANA", "provincia": "UD"},
    {"codice": "406093040", "nome": "SAN DANIELE DEL FRIULI", "provincia": "UD"},
    {"codice": "406093048", "nome": "TARVISIO", "provincia": "UD"},
    {"codice": "406093050", "nome": "TOLMEZZO", "provincia": "UD"},
    {"codice": "406093032", "nome": "PORDENONE", "provincia": "PN"},
    {"codice": "406093003", "nome": "AZZANO DECIMO", "provincia": "PN"},
    {"codice": "406093010", "nome": "CORDENONS", "provincia": "PN"},
    {"codice": "406093035", "nome": "PORCIA", "provincia": "PN"},
    {"codice": "406093039", "nome": "SACILE", "provincia": "PN"},
    {"codice": "406093044", "nome": "SAN VITO AL TAGLIAMENTO", "provincia": "PN"},
    {"codice": "405027042", "nome": "GENOVA", "provincia": "GE"},
    {"codice": "405027006", "nome": "BOGLIASCO", "provincia": "GE"},
    {"codice": "405027009", "nome": "BUSALLA", "provincia": "GE"},
    {"codice": "405027011", "nome": "CAMOGLI", "provincia": "GE"},
    {"codice": "405027023", "nome": "CHIAVARI", "provincia": "GE"},
    {"codice": "405027031", "nome": "LAVAGNA", "provincia": "GE"},
    {"codice": "405027039", "nome": "RAPALLO", "provincia": "GE"},
    {"codice": "405027040", "nome": "RECCO", "provincia": "GE"},
    {"codice": "405027049", "nome": "SANTA MARGHERITA LIGURE", "provincia": "GE"},
    {"codice": "405027051", "nome": "SESTRI LEVANTE", "provincia": "GE"},
    {"codice": "405011015", "nome": "IMPERIA", "provincia": "IM"},
    {"codice": "405011004", "nome": "BORDIGHERA", "provincia": "IM"},
    {"codice": "405011023", "nome": "SANREMO", "provincia": "IM"},
    {"codice": "405011026", "nome": "TAGGIA", "provincia": "IM"},
    {"codice": "405011029", "nome": "VENTIMIGLIA", "provincia": "IM"},
    {"codice": "405008031", "nome": "LA SPEZIA", "provincia": "SP"},
    {"codice": "405008025", "nome": "LERICI", "provincia": "SP"},
    {"codice": "405008039", "nome": "SARZANA", "provincia": "SP"},
    {"codice": "405009051", "nome": "SAVONA", "provincia": "SV"},
    {"codice": "405009002", "nome": "ALASSIO", "provincia": "SV"},
    {"codice": "405009003", "nome": "ALBENGA", "provincia": "SV"},
    {"codice": "405009010", "nome": "CAIRO MONTENOTTE", "provincia": "SV"},
    {"codice": "405009036", "nome": "FINALE LIGURE", "provincia": "SV"},
    {"codice": "405009043", "nome": "LOANO", "provincia": "SV"},
    {"codice": "405009066", "nome": "VARAZZE", "provincia": "SV"},
    {"codice": "406033034", "nome": "PIACENZA", "provincia": "PC"},
    {"codice": "406033010", "nome": "CASTEL SAN GIOVANNI", "provincia": "PC"},
    {"codice": "406033025", "nome": "FIORENZUOLA D'ARDA", "provincia": "PC"},
    {"codice": "406034027", "nome": "PARMA", "provincia": "PR"},
    {"codice": "406034005", "nome": "BUSSETO", "provincia": "PR"},
    {"codice": "406034010", "nome": "COLORNO", "provincia": "PR"},
    {"codice": "406034014", "nome": "FIDENZA", "provincia": "PR"},
    {"codice": "406034029", "nome": "SALSOMAGGIORE TERME", "provincia": "PR"},
    {"codice": "406035026", "nome": "REGGIO NELL'EMILIA", "provincia": "RE"},
    {"codice": "406035007", "nome": "CASTELNOVO NE' MONTI", "provincia": "RE"},
    {"codice": "406035011", "nome": "CORREGGIO", "provincia": "RE"},
    {"codice": "406035018", "nome": "GUASTALLA", "provincia": "RE"},
    {"codice": "406035033", "nome": "SCANDIANO", "provincia": "RE"},
    {"codice": "406036023", "nome": "MODENA", "provincia": "MO"},
    {"codice": "406036004", "nome": "CARPI", "provincia": "MO"},
    {"codice": "406036005", "nome": "CASTELFRANCO EMILIA", "provincia": "MO"},
    {"codice": "406036010", "nome": "FORMIGINE", "provincia": "MO"},
    {"codice": "406036019", "nome": "MIRANDOLA", "provincia": "MO"},
    {"codice": "406036034", "nome": "SASSUOLO", "provincia": "MO"},
    {"codice": "406036044", "nome": "VIGNOLA", "provincia": "MO"},
    {"codice": "406037006", "nome": "BOLOGNA", "provincia": "BO"},
    {"codice": "406037003", "nome": "ANZOLA DELL'EMILIA", "provincia": "BO"},
    {"codice": "406037007", "nome": "BUDRIO", "provincia": "BO"},
    {"codice": "406037010", "nome": "CASALECCHIO DI RENO", "provincia": "BO"},
    {"codice": "406037011", "nome": "CASTEL MAGGIORE", "provincia": "BO"},
    {"codice": "406037017", "nome": "CASTEL SAN PIETRO TERME", "provincia": "BO"},
    {"codice": "406037027", "nome": "GRANAROLO DELL'EMILIA", "provincia": "BO"},
    {"codice": "406037028", "nome": "IMOLA", "provincia": "BO"},
    {"codice": "406037038", "nome": "MEDICINA", "provincia": "BO"},
    {"codice": "406037040", "nome": "MOLINELLA", "provincia": "BO"},
    {"codice": "406037051", "nome": "SAN GIOVANNI IN PERSICETO", "provincia": "BO"},
    {"codice": "406037052", "nome": "SAN LAZZARO DI SAVENA", "provincia": "BO"},
    {"codice": "406037056", "nome": "SAN PIETRO IN CASALE", "provincia": "BO"},
    {"codice": "406037062", "nome": "ZOLA PREDOSA", "provincia": "BO"},
    {"codice": "406038008", "nome": "FERRARA", "provincia": "FE"},
    {"codice": "406038001", "nome": "ARGENTA", "provincia": "FE"},
    {"codice": "406038003", "nome": "BONDENO", "provincia": "FE"},
    {"codice": "406038005", "nome": "CENTO", "provincia": "FE"},
    {"codice": "406038006", "nome": "CODIGORO", "provincia": "FE"},
    {"codice": "406038007", "nome": "COMACCHIO", "provincia": "FE"},
    {"codice": "406038014", "nome": "PORTOMAGGIORE", "provincia": "FE"},
    {"codice": "406039014", "nome": "RAVENNA", "provincia": "RA"},
    {"codice": "406039001", "nome": "ALFONSINE", "provincia": "RA"},
    {"codice": "406039006", "nome": "CERVIA", "provincia": "RA"},
    {"codice": "406039009", "nome": "FAENZA", "provincia": "RA"},
    {"codice": "406039013", "nome": "LUGO", "provincia": "RA"},
    {"codice": "406040012", "nome": "FORLI'", "provincia": "FC"},
    {"codice": "406040005", "nome": "CESENA", "provincia": "FC"},
    {"codice": "406040009", "nome": "CESENATICO", "provincia": "FC"},
    {"codice": "406040015", "nome": "GAMBETTOLA", "provincia": "FC"},
    {"codice": "406040026", "nome": "SAVIGNANO SUL RUBICONE", "provincia": "FC"},
    {"codice": "406099014", "nome": "RIMINI", "provincia": "RN"},
    {"codice": "406099001", "nome": "BELLARIA-IGEA MARINA", "provincia": "RN"},
    {"codice": "406099002", "nome": "CATTOLICA", "provincia": "RN"},
    {"codice": "406099010", "nome": "MISANO ADRIATICO", "provincia": "RN"},
    {"codice": "406099014", "nome": "RICCIONE", "provincia": "RN"},
    {"codice": "406099020", "nome": "SANTARCANGELO DI ROMAGNA", "provincia": "RN"},
    {"codice": "407045010", "nome": "MASSA", "provincia": "MS"},
    {"codice": "407045003", "nome": "CARRARA", "provincia": "MS"},
    {"codice": "407049014", "nome": "LUCCA", "provincia": "LU"},
    {"codice": "407049002", "nome": "ALTOPASCIO", "provincia": "LU"},
    {"codice": "407049005", "nome": "CAMAIORE", "provincia": "LU"},
    {"codice": "407049008", "nome": "CAPANNORI", "provincia": "LU"},
    {"codice": "407049025", "nome": "VIAREGGIO", "provincia": "LU"},
    {"codice": "407047014", "nome": "PISTOIA", "provincia": "PT"},
    {"codice": "407047001", "nome": "AGLIANA", "provincia": "PT"},
    {"codice": "407047012", "nome": "MONSUMMANO TERME", "provincia": "PT"},
    {"codice": "407047013", "nome": "MONTECATINI TERME", "provincia": "PT"},
    {"codice": "407047017", "nome": "PESCIA", "provincia": "PT"},
    {"codice": "407047019", "nome": "QUARRATA", "provincia": "PT"},
    {"codice": "407048017", "nome": "FIRENZE", "provincia": "FI"},
    {"codice": "407048001", "nome": "BAGNO A RIPOLI", "provincia": "FI"},
    {"codice": "407048007", "nome": "CALENZANO", "provincia": "FI"},
    {"codice": "407048008", "nome": "CAMPI BISENZIO", "provincia": "FI"},
    {"codice": "407048011", "nome": "CASTELFIORENTINO", "provincia": "FI"},
    {"codice": "407048012", "nome": "CERTALDO", "provincia": "FI"},
    {"codice": "407048015", "nome": "EMPOLI", "provincia": "FI"},
    {"codice": "407048016", "nome": "FIESOLE", "provincia": "FI"},
    {"codice": "407048017", "nome": "FIGLINE E INCISA VALDARNO", "provincia": "FI"},
    {"codice": "407048019", "nome": "FUCECCHIO", "provincia": "FI"},
    {"codice": "407048027", "nome": "LASTRA A SIGNA", "provincia": "FI"},
    {"codice": "407048034", "nome": "PONTASSIEVE", "provincia": "FI"},
    {"codice": "407048041", "nome": "SCANDICCI", "provincia": "FI"},
    {"codice": "407048044", "nome": "SESTO FIORENTINO", "provincia": "FI"},
    {"codice": "407048045", "nome": "SIGNA", "provincia": "FI"},
    {"codice": "407050026", "nome": "PRATO", "provincia": "PO"},
    {"codice": "407050003", "nome": "MONTEMURLO", "provincia": "PO"},
    {"codice": "407046017", "nome": "LIVORNO", "provincia": "LI"},
    {"codice": "407046003", "nome": "CECINA", "provincia": "LI"},
    {"codice": "407046020", "nome": "PIOMBINO", "provincia": "LI"},
    {"codice": "407046023", "nome": "ROSIGNANO MARITTIMO", "provincia": "LI"},
    {"codice": "407053023", "nome": "PISA", "provincia": "PI"},
    {"codice": "407053005", "nome": "CALCINAIA", "provincia": "PI"},
    {"codice": "407053006", "nome": "CASCINA", "provincia": "PI"},
    {"codice": "407053031", "nome": "PONTEDERA", "provincia": "PI"},
    {"codice": "407053034", "nome": "SAN GIULIANO TERME", "provincia": "PI"},
    {"codice": "407053036", "nome": "SAN MINIATO", "provincia": "PI"},
    {"codice": "407053043", "nome": "VOLTERRA", "provincia": "PI"},
    {"codice": "407051001", "nome": "AREZZO", "provincia": "AR"},
    {"codice": "407051004", "nome": "BIBBIENA", "provincia": "AR"},
    {"codice": "407051010", "nome": "CORTONA", "provincia": "AR"},
    {"codice": "407051023", "nome": "MONTEVARCHI", "provincia": "AR"},
    {"codice": "407051034", "nome": "SAN GIOVANNI VALDARNO", "provincia": "AR"},
    {"codice": "407051036", "nome": "SANSEPOLCRO", "provincia": "AR"},
    {"codice": "407052024", "nome": "SIENA", "provincia": "SI"},
    {"codice": "407052006", "nome": "CHIUSI", "provincia": "SI"},
    {"codice": "407052008", "nome": "COLLE DI VAL D'ELSA", "provincia": "SI"},
    {"codice": "407052023", "nome": "POGGIBONSI", "provincia": "SI"},
    {"codice": "407052031", "nome": "SAN GIMIGNANO", "provincia": "SI"},
    {"codice": "407100001", "nome": "GROSSETO", "provincia": "GR"},
    {"codice": "407100008", "nome": "FOLLONICA", "provincia": "GR"},
    {"codice": "407100018", "nome": "ORBETELLO", "provincia": "GR"},
    {"codice": "410054039", "nome": "PERUGIA", "provincia": "PG"},
    {"codice": "410054001", "nome": "ASSISI", "provincia": "PG"},
    {"codice": "410054008", "nome": "CASTIGLIONE DEL LAGO", "provincia": "PG"},
    {"codice": "410054009", "nome": "CITTA' DI CASTELLO", "provincia": "PG"},
    {"codice": "410054014", "nome": "CORCIANO", "provincia": "PG"},
    {"codice": "410054018", "nome": "FOLIGNO", "provincia": "PG"},
    {"codice": "410054020", "nome": "GUALDO TADINO", "provincia": "PG"},
    {"codice": "410054021", "nome": "GUBBIO", "provincia": "PG"},
    {"codice": "410054027", "nome": "MARSCIANO", "provincia": "PG"},
    {"codice": "410054042", "nome": "SPOLETO", "provincia": "PG"},
    {"codice": "410054045", "nome": "TODI", "provincia": "PG"},
    {"codice": "410054048", "nome": "UMBERTIDE", "provincia": "PG"},
    {"codice": "410055032", "nome": "TERNI", "provincia": "TR"},
    {"codice": "410055002", "nome": "AMELIA", "provincia": "TR"},
    {"codice": "410055020", "nome": "NARNI", "provincia": "TR"},
    {"codice": "410055023", "nome": "ORVIETO", "provincia": "TR"},
    {"codice": "411041006", "nome": "PESARO", "provincia": "PU"},
    {"codice": "411041009", "nome": "FANO", "provincia": "PU"},
    {"codice": "411042002", "nome": "URBINO", "provincia": "PU"},
    {"codice": "411043007", "nome": "ANCONA", "provincia": "AN"},
    {"codice": "411043012", "nome": "FABRIANO", "provincia": "AN"},
    {"codice": "411043014", "nome": "FALCONARA MARITTIMA", "provincia": "AN"},
    {"codice": "411043022", "nome": "JESI", "provincia": "AN"},
    {"codice": "411043036", "nome": "OSIMO", "provincia": "AN"},
    {"codice": "411043043", "nome": "SENIGALLIA", "provincia": "AN"},
    {"codice": "411044007", "nome": "MACERATA", "provincia": "MC"},
    {"codice": "411044006", "nome": "CIVITANOVA MARCHE", "provincia": "MC"},
    {"codice": "411044020", "nome": "RECANATI", "provincia": "MC"},
    {"codice": "411044024", "nome": "SAN SEVERINO MARCHE", "provincia": "MC"},
    {"codice": "411044030", "nome": "TOLENTINO", "provincia": "MC"},
    {"codice": "411044002", "nome": "ASCOLI PICENO", "provincia": "AP"},
    {"codice": "411044013", "nome": "SAN BENEDETTO DEL TRONTO", "provincia": "AP"},
    {"codice": "411109006", "nome": "FERMO", "provincia": "FM"},
    {"codice": "411109015", "nome": "PORTO SANT'ELPIDIO", "provincia": "FM"},
    {"codice": "411109016", "nome": "PORTO SAN GIORGIO", "provincia": "FM"},
    {"codice": "411109020", "nome": "SANT'ELPIDIO A MARE", "provincia": "FM"},
    {"codice": "412056049", "nome": "RIETI", "provincia": "RI"},
    {"codice": "412057059", "nome": "VITERBO", "provincia": "VT"},
    {"codice": "412057011", "nome": "CIVITA CASTELLANA", "provincia": "VT"},
    {"codice": "412057032", "nome": "MONTALTO DI CASTRO", "provincia": "VT"},
    {"codice": "412057055", "nome": "TARQUINIA", "provincia": "VT"},
    {"codice": "412058091", "nome": "ROMA", "provincia": "RM"},
    {"codice": "412058001", "nome": "AFFILE", "provincia": "RM"},
    {"codice": "412058005", "nome": "ALBANO LAZIALE", "provincia": "RM"},
    {"codice": "412058007", "nome": "ANZIO", "provincia": "RM"},
    {"codice": "412058009", "nome": "ARDEA", "provincia": "RM"},
    {"codice": "412058012", "nome": "ARICCIA", "provincia": "RM"},
    {"codice": "412058018", "nome": "BRACCIANO", "provincia": "RM"},
    {"codice": "412058020", "nome": "CAMPAGNANO DI ROMA", "provincia": "RM"},
    {"codice": "412058030", "nome": "CERVETERI", "provincia": "RM"},
    {"codice": "412058032", "nome": "CIAMPINO", "provincia": "RM"},
    {"codice": "412058036", "nome": "CIVITAVECCHIA", "provincia": "RM"},
    {"codice": "412058041", "nome": "FIUMICINO", "provincia": "RM"},
    {"codice": "412058044", "nome": "FRASCATI", "provincia": "RM"},
    {"codice": "412058047", "nome": "GENZANO DI ROMA", "provincia": "RM"},
    {"codice": "412058050", "nome": "GROTTAFERRATA", "provincia": "RM"},
    {"codice": "412058051", "nome": "GUIDONIA MONTECELIO", "provincia": "RM"},
    {"codice": "412058056", "nome": "LADISPOLI", "provincia": "RM"},
    {"codice": "412058058", "nome": "LANUVIO", "provincia": "RM"},
    {"codice": "412058063", "nome": "MARINO", "provincia": "RM"},
    {"codice": "412058065", "nome": "MENTANA", "provincia": "RM"},
    {"codice": "412058066", "nome": "MONTE PORZIO CATONE", "provincia": "RM"},
    {"codice": "412058068", "nome": "MONTEROTONDO", "provincia": "RM"},
    {"codice": "412058074", "nome": "NETTUNO", "provincia": "RM"},
    {"codice": "412058079", "nome": "PALESTRINA", "provincia": "RM"},
    {"codice": "412058084", "nome": "POMEZIA", "provincia": "RM"},
    {"codice": "412058101", "nome": "SANTA MARINELLA", "provincia": "RM"},
    {"codice": "412058107", "nome": "SUBIACO", "provincia": "RM"},
    {"codice": "412058113", "nome": "TIVOLI", "provincia": "RM"},
    {"codice": "412058120", "nome": "VELLETRI", "provincia": "RM"},
    {"codice": "412059001", "nome": "FROSINONE", "provincia": "FR"},
    {"codice": "412059002", "nome": "ALATRI", "provincia": "FR"},
    {"codice": "412059003", "nome": "ANAGNI", "provincia": "FR"},
    {"codice": "412059005", "nome": "CASSINO", "provincia": "FR"},
    {"codice": "412059007", "nome": "CECCANO", "provincia": "FR"},
    {"codice": "412059013", "nome": "FERENTINO", "provincia": "FR"},
    {"codice": "412059014", "nome": "FIUGGI", "provincia": "FR"},
    {"codice": "412059022", "nome": "ISOLA DEL LIRI", "provincia": "FR"},
    {"codice": "412059023", "nome": "MONTE SAN GIOVANNI CAMPANO", "provincia": "FR"},
    {"codice": "412059025", "nome": "PONTECORVO", "provincia": "FR"},
    {"codice": "412059028", "nome": "SORA", "provincia": "FR"},
    {"codice": "412059030", "nome": "VEROLI", "provincia": "FR"},
    {"codice": "412060038", "nome": "LATINA", "provincia": "LT"},
    {"codice": "412060002", "nome": "APRILIA", "provincia": "LT"},
    {"codice": "412060012", "nome": "CISTERNA DI LATINA", "provincia": "LT"},
    {"codice": "412060008", "nome": "FONDI", "provincia": "LT"},
    {"codice": "412060015", "nome": "FORMIA", "provincia": "LT"},
    {"codice": "412060017", "nome": "GAETA", "provincia": "LT"},
    {"codice": "412060025", "nome": "MINTURNO", "provincia": "LT"},
    {"codice": "412060032", "nome": "SABAUDIA", "provincia": "LT"},
    {"codice": "412060033", "nome": "SAN FELICE CIRCEO", "provincia": "LT"},
    {"codice": "412060036", "nome": "SEZZE", "provincia": "LT"},
    {"codice": "412060037", "nome": "TERRACINA", "provincia": "LT"},
    {"codice": "414066001", "nome": "L'AQUILA", "provincia": "AQ"},
    {"codice": "414066008", "nome": "AVEZZANO", "provincia": "AQ"},
    {"codice": "414066049", "nome": "CELANO", "provincia": "AQ"},
    {"codice": "414066100", "nome": "SULMONA", "provincia": "AQ"},
    {"codice": "414067020", "nome": "TERAMO", "provincia": "TE"},
    {"codice": "414067004", "nome": "ATRI", "provincia": "TE"},
    {"codice": "414067012", "nome": "GIULIANOVA", "provincia": "TE"},
    {"codice": "414067016", "nome": "MARTINSICURO", "provincia": "TE"},
    {"codice": "414067018", "nome": "NERETO", "provincia": "TE"},
    {"codice": "414067024", "nome": "ROSETO DEGLI ABRUZZI", "provincia": "TE"},
    {"codice": "414068028", "nome": "PESCARA", "provincia": "PE"},
    {"codice": "414068020", "nome": "MONTESILVANO", "provincia": "PE"},
    {"codice": "414068027", "nome": "PENNE", "provincia": "PE"},
    {"codice": "414068033", "nome": "SPOLTORE", "provincia": "PE"},
    {"codice": "414069017", "nome": "CHIETI", "provincia": "CH"},
    {"codice": "414069002", "nome": "ATESSA", "provincia": "CH"},
    {"codice": "414069005", "nome": "CASOLI", "provincia": "CH"},
    {"codice": "414069023", "nome": "FRANCAVILLA AL MARE", "provincia": "CH"},
    {"codice": "414069032", "nome": "GUARDIAGRELE", "provincia": "CH"},
    {"codice": "414069041", "nome": "LANCIANO", "provincia": "CH"},
    {"codice": "414069066", "nome": "ORTONA", "provincia": "CH"},
    {"codice": "414069094", "nome": "SAN SALVO", "provincia": "CH"},
    {"codice": "414069096", "nome": "SAN VITO CHIETINO", "provincia": "CH"},
    {"codice": "414069105", "nome": "VASTO", "provincia": "CH"},
    {"codice": "414094014", "nome": "CAMPOBASSO", "provincia": "CB"},
    {"codice": "414094041", "nome": "TERMOLI", "provincia": "CB"},
    {"codice": "414094024", "nome": "LARINO", "provincia": "CB"},
    {"codice": "414070078", "nome": "ISERNIA", "provincia": "IS"},
    {"codice": "414070086", "nome": "VENAFRO", "provincia": "IS"},
    {"codice": "413061022", "nome": "CASERTA", "provincia": "CE"},
    {"codice": "413061006", "nome": "AVERSA", "provincia": "CE"},
    {"codice": "413061018", "nome": "CAPUA", "provincia": "CE"},
    {"codice": "413061044", "nome": "MADDALONI", "provincia": "CE"},
    {"codice": "413061048", "nome": "MARCIANISE", "provincia": "CE"},
    {"codice": "413061058", "nome": "MONDRAGONE", "provincia": "CE"},
    {"codice": "413061067", "nome": "PIEDIMONTE MATESE", "provincia": "CE"},
    {"codice": "413061070", "nome": "PORTICO DI CASERTA", "provincia": "CE"},
    {"codice": "413061074", "nome": "SANTA MARIA CAPUA VETERE", "provincia": "CE"},
    {"codice": "413061077", "nome": "SAN NICOLA LA STRADA", "provincia": "CE"},
    {"codice": "413061078", "nome": "SESSA AURUNCA", "provincia": "CE"},
    {"codice": "413061083", "nome": "TEANO", "provincia": "CE"},
    {"codice": "413062006", "nome": "BENEVENTO", "provincia": "BN"},
    {"codice": "413062042", "nome": "MONTESARCHIO", "provincia": "BN"},
    {"codice": "413062071", "nome": "TELESE TERME", "provincia": "BN"},
    {"codice": "413063049", "nome": "NAPOLI", "provincia": "NA"},
    {"codice": "413063001", "nome": "ACERRA", "provincia": "NA"},
    {"codice": "413063003", "nome": "AFRAGOLA", "provincia": "NA"},
    {"codice": "413063006", "nome": "ARZANO", "provincia": "NA"},
    {"codice": "413063008", "nome": "BACOLI", "provincia": "NA"},
    {"codice": "413063012", "nome": "BOSCOREALE", "provincia": "NA"},
    {"codice": "413063013", "nome": "BOSCOTRECASE", "provincia": "NA"},
    {"codice": "413063015", "nome": "CAIVANO", "provincia": "NA"},
    {"codice": "413063019", "nome": "CARDITO", "provincia": "NA"},
    {"codice": "413063020", "nome": "CASALNUOVO DI NAPOLI", "provincia": "NA"},
    {"codice": "413063022", "nome": "CASORIA", "provincia": "NA"},
    {"codice": "413063024", "nome": "CASTELLAMMARE DI STABIA", "provincia": "NA"},
    {"codice": "413063032", "nome": "ERCOLANO", "provincia": "NA"},
    {"codice": "413063034", "nome": "FRATTAMAGGIORE", "provincia": "NA"},
    {"codice": "413063035", "nome": "FRATTAMINORE", "provincia": "NA"},
    {"codice": "413063037", "nome": "GIUGLIANO IN CAMPANIA", "provincia": "NA"},
    {"codice": "413063038", "nome": "GRAGNANO", "provincia": "NA"},
    {"codice": "413063040", "nome": "GRUMO NEVANO", "provincia": "NA"},
    {"codice": "413063042", "nome": "ISCHIA", "provincia": "NA"},
    {"codice": "413063046", "nome": "MARANO DI NAPOLI", "provincia": "NA"},
    {"codice": "413063047", "nome": "MARIGLIANO", "provincia": "NA"},
    {"codice": "413063051", "nome": "MELITO DI NAPOLI", "provincia": "NA"},
    {"codice": "413063053", "nome": "MUGNANO DI NAPOLI", "provincia": "NA"},
    {"codice": "413063055", "nome": "NOLA", "provincia": "NA"},
    {"codice": "413063056", "nome": "OTTAVIANO", "provincia": "NA"},
    {"codice": "413063057", "nome": "PORTICI", "provincia": "NA"},
    {"codice": "413063058", "nome": "POZZUOLI", "provincia": "NA"},
    {"codice": "413063061", "nome": "QUALIANO", "provincia": "NA"},
    {"codice": "413063063", "nome": "SAN GENNARO VESUVIANO", "provincia": "NA"},
    {"codice": "413063064", "nome": "SAN GIORGIO A CREMANO", "provincia": "NA"},
    {"codice": "413063067", "nome": "SAN GIUSEPPE VESUVIANO", "provincia": "NA"},
    {"codice": "413063074", "nome": "SOMMA VESUVIANA", "provincia": "NA"},
    {"codice": "413063076", "nome": "SORRENTO", "provincia": "NA"},
    {"codice": "413063079", "nome": "TORRE DEL GRECO", "provincia": "NA"},
    {"codice": "413063082", "nome": "TORRE ANNUNZIATA", "provincia": "NA"},
    {"codice": "413063085", "nome": "VILLARICCA", "provincia": "NA"},
    {"codice": "413064002", "nome": "AVELLINO", "provincia": "AV"},
    {"codice": "413064005", "nome": "ARIANO IRPINO", "provincia": "AV"},
    {"codice": "413064056", "nome": "MERCOGLIANO", "provincia": "AV"},
    {"codice": "413064064", "nome": "MONTELLA", "provincia": "AV"},
    {"codice": "413064095", "nome": "SALERNO", "provincia": "SA"},
    {"codice": "413064001", "nome": "AGROPOLI", "provincia": "SA"},
    {"codice": "413064011", "nome": "BATTIPAGLIA", "provincia": "SA"},
    {"codice": "413064015", "nome": "BELLIZZI", "provincia": "SA"},
    {"codice": "413064023", "nome": "CAMPAGNA", "provincia": "SA"},
    {"codice": "413064024", "nome": "CAPACCIO PAESTUM", "provincia": "SA"},
    {"codice": "413064026", "nome": "CAVA DE' TIRRENI", "provincia": "SA"},
    {"codice": "413064035", "nome": "EBOLI", "provincia": "SA"},
    {"codice": "413064053", "nome": "MERCATO SAN SEVERINO", "provincia": "SA"},
    {"codice": "413064058", "nome": "NOCERA INFERIORE", "provincia": "SA"},
    {"codice": "413064059", "nome": "NOCERA SUPERIORE", "provincia": "SA"},
    {"codice": "413064065", "nome": "PAGANI", "provincia": "SA"},
    {"codice": "413064073", "nome": "PONTECAGNANO FAIANO", "provincia": "SA"},
    {"codice": "413064085", "nome": "SALA CONSILINA", "provincia": "SA"},
    {"codice": "413064091", "nome": "SARNO", "provincia": "SA"},
    {"codice": "413064097", "nome": "SCAFATI", "provincia": "SA"},
    {"codice": "413064104", "nome": "VALLO DELLA LUCANIA", "provincia": "SA"},
    {"codice": "415071006", "nome": "CANOSA DI PUGLIA", "provincia": "BT"},
    {"codice": "415072006", "nome": "BRINDISI", "provincia": "BR"},
    {"codice": "415072011", "nome": "FASANO", "provincia": "BR"},
    {"codice": "415072014", "nome": "FRANCAVILLA FONTANA", "provincia": "BR"},
    {"codice": "415072021", "nome": "MESAGNE", "provincia": "BR"},
    {"codice": "415072029", "nome": "OSTUNI", "provincia": "BR"},
    {"codice": "415072033", "nome": "SAN VITO DEI NORMANNI", "provincia": "BR"},
    {"codice": "415072015", "nome": "LATIANO", "provincia": "BR"},
    {"codice": "415072037", "nome": "CEGLIE MESSAPICA", "provincia": "BR"},
    {"codice": "415073007", "nome": "CERIGNOLA", "provincia": "FG"},
    {"codice": "415073009", "nome": "FOGGIA", "provincia": "FG"},
    {"codice": "415073013", "nome": "LUCERA", "provincia": "FG"},
    {"codice": "415073014", "nome": "MANFREDONIA", "provincia": "FG"},
    {"codice": "415073027", "nome": "SAN SEVERO", "provincia": "FG"},
    {"codice": "415073018", "nome": "ORTA NOVA", "provincia": "FG"},
    {"codice": "415073025", "nome": "SAN GIOVANNI ROTONDO", "provincia": "FG"},
    {"codice": "415073029", "nome": "VIESTE", "provincia": "FG"},
    {"codice": "415074001", "nome": "ACQUAVIVA DELLE FONTI", "provincia": "BA"},
    {"codice": "415075001", "nome": "ALTAMURA", "provincia": "BA"},
    {"codice": "415075005", "nome": "BARI", "provincia": "BA"},
    {"codice": "415075006", "nome": "BISCEGLIE", "provincia": "BA"},
    {"codice": "415075011", "nome": "BITONTO", "provincia": "BA"},
    {"codice": "415075013", "nome": "CASAMASSIMA", "provincia": "BA"},
    {"codice": "415075024", "nome": "CORATO", "provincia": "BA"},
    {"codice": "415075025", "nome": "CONVERSANO", "provincia": "BA"},
    {"codice": "415075029", "nome": "GIOIA DEL COLLE", "provincia": "BA"},
    {"codice": "415075030", "nome": "GIOVINAZZO", "provincia": "BA"},
    {"codice": "415075031", "nome": "GRAVINA IN PUGLIA", "provincia": "BA"},
    {"codice": "415075032", "nome": "GRUMO APPULA", "provincia": "BA"},
    {"codice": "415075035", "nome": "MODUGNO", "provincia": "BA"},
    {"codice": "415075040", "nome": "MOLFETTA", "provincia": "BA"},
    {"codice": "415075042", "nome": "MONOPOLI", "provincia": "BA"},
    {"codice": "415075048", "nome": "NOCI", "provincia": "BA"},
    {"codice": "415075049", "nome": "NOICATTARO", "provincia": "BA"},
    {"codice": "415075054", "nome": "PALO DEL COLLE", "provincia": "BA"},
    {"codice": "415075059", "nome": "PUTIGNANO", "provincia": "BA"},
    {"codice": "415075070", "nome": "RUVO DI PUGLIA", "provincia": "BA"},
    {"codice": "415075072", "nome": "SANTERAMO IN COLLE", "provincia": "BA"},
    {"codice": "415075079", "nome": "TERLIZZI", "provincia": "BA"},
    {"codice": "415075087", "nome": "TRIGGIANO", "provincia": "BA"},
    {"codice": "415075088", "nome": "VALENZANO", "provincia": "BA"},
    {"codice": "415076001", "nome": "LECCE", "provincia": "LE"},
    {"codice": "415076025", "nome": "COPERTINO", "provincia": "LE"},
    {"codice": "415076040", "nome": "GALLIPOLI", "provincia": "LE"},
    {"codice": "415076047", "nome": "GALATINA", "provincia": "LE"},
    {"codice": "415076054", "nome": "MAGLIE", "provincia": "LE"},
    {"codice": "415076055", "nome": "MATINO", "provincia": "LE"},
    {"codice": "415076063", "nome": "NARDO'", "provincia": "LE"},
    {"codice": "415076069", "nome": "OTRANTO", "provincia": "LE"},
    {"codice": "415076070", "nome": "POGGIARDO", "provincia": "LE"},
    {"codice": "415076071", "nome": "RACALE", "provincia": "LE"},
    {"codice": "415076082", "nome": "SQUINZANO", "provincia": "LE"},
    {"codice": "415076083", "nome": "SURBO", "provincia": "LE"},
    {"codice": "415076086", "nome": "TAURISANO", "provincia": "LE"},
    {"codice": "415076087", "nome": "TRICASE", "provincia": "LE"},
    {"codice": "415076088", "nome": "UGENTO", "provincia": "LE"},
    {"codice": "415077006", "nome": "GROTTAGLIE", "provincia": "TA"},
    {"codice": "415077009", "nome": "MANDURIA", "provincia": "TA"},
    {"codice": "415077010", "nome": "MARTINA FRANCA", "provincia": "TA"},
    {"codice": "415077011", "nome": "MASSAFRA", "provincia": "TA"},
    {"codice": "415077014", "nome": "TARANTO", "provincia": "TA"},
    {"codice": "415077016", "nome": "SAVA", "provincia": "TA"},
    {"codice": "415077004", "nome": "CASTELLANETA", "provincia": "TA"},
    {"codice": "415077008", "nome": "LATERZA", "provincia": "TA"},
    {"codice": "415077012", "nome": "MOTTOLA", "provincia": "TA"},
    {"codice": "415077021", "nome": "FRAGAGNANO", "provincia": "TA"},
    {"codice": "415110001", "nome": "ANDRIA", "provincia": "BT"},
    {"codice": "415110002", "nome": "BARLETTA", "provincia": "BT"},
    {"codice": "415110009", "nome": "TRANI", "provincia": "BT"},
    {"codice": "415110003", "nome": "BISCEGLIE", "provincia": "BT"},
    {"codice": "417076001", "nome": "MATERA", "provincia": "MT"},
    {"codice": "417076006", "nome": "BERNALDA", "provincia": "MT"},
    {"codice": "417076019", "nome": "NOVA SIRI", "provincia": "MT"},
    {"codice": "417076022", "nome": "PISTICCI", "provincia": "MT"},
    {"codice": "417076023", "nome": "POLICORO", "provincia": "MT"},
    {"codice": "417076025", "nome": "SCANZANO JONICO", "provincia": "MT"},
    {"codice": "417076030", "nome": "FERRANDINA", "provincia": "MT"},
    {"codice": "417077024", "nome": "POTENZA", "provincia": "PZ"},
    {"codice": "417077014", "nome": "LAURIA", "provincia": "PZ"},
    {"codice": "417077015", "nome": "MARATEA", "provincia": "PZ"},
    {"codice": "417077017", "nome": "MELFI", "provincia": "PZ"},
    {"codice": "417077025", "nome": "RIONERO IN VULTURE", "provincia": "PZ"},
    {"codice": "417077028", "nome": "SENISE", "provincia": "PZ"},
    {"codice": "417077032", "nome": "VENOSA", "provincia": "PZ"},
    {"codice": "418078146", "nome": "REGGIO DI CALABRIA", "provincia": "RC"},
    {"codice": "418078040", "nome": "BAGNARA CALABRA", "provincia": "RC"},
    {"codice": "418078050", "nome": "BOVALINO", "provincia": "RC"},
    {"codice": "418078054", "nome": "GIOIA TAURO", "provincia": "RC"},
    {"codice": "418078067", "nome": "LOCRI", "provincia": "RC"},
    {"codice": "418078077", "nome": "MELITO DI PORTO SALVO", "provincia": "RC"},
    {"codice": "418078092", "nome": "PALMI", "provincia": "RC"},
    {"codice": "418078118", "nome": "ROSARNO", "provincia": "RC"},
    {"codice": "418078125", "nome": "SIDERNO", "provincia": "RC"},
    {"codice": "418078134", "nome": "TAURIANOVA", "provincia": "RC"},
    {"codice": "418078158", "nome": "VILLA SAN GIOVANNI", "provincia": "RC"},
    {"codice": "418079023", "nome": "CATANZARO", "provincia": "CZ"},
    {"codice": "418079065", "nome": "LAMEZIA TERME", "provincia": "CZ"},
    {"codice": "418079117", "nome": "SELLIA MARINA", "provincia": "CZ"},
    {"codice": "418079124", "nome": "SOVERATO", "provincia": "CZ"},
    {"codice": "418080014", "nome": "COSENZA", "provincia": "CS"},
    {"codice": "418080003", "nome": "ACRI", "provincia": "CS"},
    {"codice": "418080008", "nome": "AMANTEA", "provincia": "CS"},
    {"codice": "418080031", "nome": "CASTROVILLARI", "provincia": "CS"},
    {"codice": "418080034", "nome": "CORIGLIANO-ROSSANO", "provincia": "CS"},
    {"codice": "418080059", "nome": "MENDICINO", "provincia": "CS"},
    {"codice": "418080067", "nome": "MONTALTO UFFUGO", "provincia": "CS"},
    {"codice": "418080069", "nome": "PAOLA", "provincia": "CS"},
    {"codice": "418080080", "nome": "RENDE", "provincia": "CS"},
    {"codice": "418080086", "nome": "SCALEA", "provincia": "CS"},
    {"codice": "418080094", "nome": "TREBISACCE", "provincia": "CS"},
    {"codice": "418101017", "nome": "CROTONE", "provincia": "KR"},
    {"codice": "418101009", "nome": "CIR MARINA", "provincia": "KR"},
    {"codice": "418101013", "nome": "ISOLA DI CAPO RIZZUTO", "provincia": "KR"},
    {"codice": "418102042", "nome": "VIBO VALENTIA", "provincia": "VV"},
    {"codice": "418102031", "nome": "TROPEA", "provincia": "VV"},
    {"codice": "418102027", "nome": "SERRA SAN BRUNO", "provincia": "VV"},
    {"codice": "419081007", "nome": "AGRIGENTO", "provincia": "AG"},
    {"codice": "419081003", "nome": "CANICATTI'", "provincia": "AG"},
    {"codice": "419081006", "nome": "FAVARA", "provincia": "AG"},
    {"codice": "419081010", "nome": "LICATA", "provincia": "AG"},
    {"codice": "419081015", "nome": "PALMA DI MONTECHIARO", "provincia": "AG"},
    {"codice": "419081016", "nome": "PORTO EMPEDOCLE", "provincia": "AG"},
    {"codice": "419081018", "nome": "RAFFADALI", "provincia": "AG"},
    {"codice": "419081019", "nome": "RIBERA", "provincia": "AG"},
    {"codice": "419081020", "nome": "SCIACCA", "provincia": "AG"},
    {"codice": "419082053", "nome": "PALERMO", "provincia": "PA"},
    {"codice": "419082007", "nome": "BAGHERIA", "provincia": "PA"},
    {"codice": "419082016", "nome": "CARINI", "provincia": "PA"},
    {"codice": "419082022", "nome": "CASTELBUONO", "provincia": "PA"},
    {"codice": "419082027", "nome": "CEFALU'", "provincia": "PA"},
    {"codice": "419082046", "nome": "MISILMERI", "provincia": "PA"},
    {"codice": "419082048", "nome": "MONREALE", "provincia": "PA"},
    {"codice": "419082055", "nome": "PARTINICO", "provincia": "PA"},
    {"codice": "419082067", "nome": "TERMINI IMERESE", "provincia": "PA"},
    {"codice": "419082072", "nome": "VILLABATE", "provincia": "PA"},
    {"codice": "419083017", "nome": "CALTANISSETTA", "provincia": "CL"},
    {"codice": "419083008", "nome": "GELA", "provincia": "CL"},
    {"codice": "419083013", "nome": "MAZZARINO", "provincia": "CL"},
    {"codice": "419083015", "nome": "NISCEMI", "provincia": "CL"},
    {"codice": "419083023", "nome": "SAN CATALDO", "provincia": "CL"},
    {"codice": "419084033", "nome": "SIRACUSA", "provincia": "SR"},
    {"codice": "419084002", "nome": "AVOLA", "provincia": "SR"},
    {"codice": "419084039", "nome": "AUGUSTA", "provincia": "SR"},
    {"codice": "419084004", "nome": "CARLENTINI", "provincia": "SR"},
    {"codice": "419084007", "nome": "FLORIDIA", "provincia": "SR"},
    {"codice": "419084010", "nome": "LENTINI", "provincia": "SR"},
    {"codice": "419084013", "nome": "NOTO", "provincia": "SR"},
    {"codice": "419084018", "nome": "PACHINO", "provincia": "SR"},
    {"codice": "419084023", "nome": "ROSOLINI", "provincia": "SR"},
    {"codice": "419085011", "nome": "TRAPANI", "provincia": "TP"},
    {"codice": "419085001", "nome": "ALCAMO", "provincia": "TP"},
    {"codice": "419085005", "nome": "CASTELVETRANO", "provincia": "TP"},
    {"codice": "419085008", "nome": "ERICE", "provincia": "TP"},
    {"codice": "419085012", "nome": "MARSALA", "provincia": "TP"},
    {"codice": "419085013", "nome": "MAZARA DEL VALLO", "provincia": "TP"},
    {"codice": "419085015", "nome": "PANTELLERIA", "provincia": "TP"},
    {"codice": "419086012", "nome": "RAGUSA", "provincia": "RG"},
    {"codice": "419086003", "nome": "COMISO", "provincia": "RG"},
    {"codice": "419086007", "nome": "ISPICA", "provincia": "RG"},
    {"codice": "419086009", "nome": "MODICA", "provincia": "RG"},
    {"codice": "419086014", "nome": "POZZALLO", "provincia": "RG"},
    {"codice": "419086016", "nome": "SCICLI", "provincia": "RG"},
    {"codice": "419086017", "nome": "VITTORIA", "provincia": "RG"},
    {"codice": "419087015", "nome": "CATANIA", "provincia": "CT"},
    {"codice": "419087001", "nome": "ACI CASTELLO", "provincia": "CT"},
    {"codice": "419087002", "nome": "ACIREALE", "provincia": "CT"},
    {"codice": "419087004", "nome": "ADRANO", "provincia": "CT"},
    {"codice": "419087006", "nome": "BELPASSO", "provincia": "CT"},
    {"codice": "419087007", "nome": "BIANCAVILLA", "provincia": "CT"},
    {"codice": "419087008", "nome": "BRONTE", "provincia": "CT"},
    {"codice": "419087009", "nome": "CALTAGIRONE", "provincia": "CT"},
    {"codice": "419087019", "nome": "GIARRE", "provincia": "CT"},
    {"codice": "419087020", "nome": "GRAMMICHELE", "provincia": "CT"},
    {"codice": "419087022", "nome": "GRAVINA DI CATANIA", "provincia": "CT"},
    {"codice": "419087027", "nome": "MASCALUCIA", "provincia": "CT"},
    {"codice": "419087030", "nome": "MISTERBIANCO", "provincia": "CT"},
    {"codice": "419087033", "nome": "MOTTA SANT'ANASTASIA", "provincia": "CT"},
    {"codice": "419087035", "nome": "PALAGONIA", "provincia": "CT"},
    {"codice": "419087036", "nome": "PATERNO'", "provincia": "CT"},
    {"codice": "419087040", "nome": "SAN GIOVANNI LA PUNTA", "provincia": "CT"},
    {"codice": "419087043", "nome": "SCORDIA", "provincia": "CT"},
    {"codice": "419087047", "nome": "TREMESTIERI ETNEO", "provincia": "CT"},
    {"codice": "419088006", "nome": "MESSINA", "provincia": "ME"},
    {"codice": "419088002", "nome": "BARCELLONA POZZO DI GOTTO", "provincia": "ME"},
    {"codice": "419088004", "nome": "CAPO D'ORLANDO", "provincia": "ME"},
    {"codice": "419088008", "nome": "LIPARI", "provincia": "ME"},
    {"codice": "419088010", "nome": "MILAZZO", "provincia": "ME"},
    {"codice": "419088014", "nome": "PATTI", "provincia": "ME"},
    {"codice": "419088017", "nome": "SANT'AGATA DI MILITELLO", "provincia": "ME"},
    {"codice": "419088021", "nome": "TAORMINA", "provincia": "ME"},
    {"codice": "419089016", "nome": "ENNA", "provincia": "EN"},
    {"codice": "419089022", "nome": "PIAZZA ARMERINA", "provincia": "EN"},
    {"codice": "420091051", "nome": "SASSARI", "provincia": "SS"},
    {"codice": "420091003", "nome": "ALGHERO", "provincia": "SS"},
    {"codice": "420091064", "nome": "OLBIA", "provincia": "SS"},
    {"codice": "420091058", "nome": "OZIERI", "provincia": "SS"},
    {"codice": "420091063", "nome": "PORTO TORRES", "provincia": "SS"},
    {"codice": "420091077", "nome": "SORSO", "provincia": "SS"},
    {"codice": "420091079", "nome": "TEMPIO PAUSANIA", "provincia": "SS"},
    {"codice": "420092051", "nome": "CAGLIARI", "provincia": "CA"},
    {"codice": "420092003", "nome": "ASSEMINI", "provincia": "CA"},
    {"codice": "420092009", "nome": "CAPOTERRA", "provincia": "CA"},
    {"codice": "420092051", "nome": "MONSERRATO", "provincia": "CA"},
    {"codice": "420092074", "nome": "QUARTU SANT'ELENA", "provincia": "CA"},
    {"codice": "420092079", "nome": "SELARGIUS", "provincia": "CA"},
    {"codice": "420092088", "nome": "QUARTUCCIU", "provincia": "CA"},
    {"codice": "420095029", "nome": "NUORO", "provincia": "NU"},
    {"codice": "420095040", "nome": "SINISCOLA", "provincia": "NU"},
    {"codice": "420095048", "nome": "TORTOLI'", "provincia": "NU"},
    {"codice": "420095038", "nome": "ORISTANO", "provincia": "OR"},
    {"codice": "420095007", "nome": "BOSA", "provincia": "OR"},
    {"codice": "420095073", "nome": "TERRALBA", "provincia": "OR"},
    {"codice": "420107007", "nome": "CARBONIA", "provincia": "SU"},
    {"codice": "420107011", "nome": "IGLESIAS", "provincia": "SU"},
    {"codice": "420107015", "nome": "SANT'ANTIOCO", "provincia": "SU"}
  ]
}
